ExternalEmailAddress,Name,FirstName,LastName,StreetAddress,City,StateorProvince,PostalCode,Phone,MobilePhone,Pager,HomePhone,Company,Title,OtherTelephone,Department,CountryOrRegion,Fax,Initials,Notes,Office
Jordan@fabrikam.com,Jordan Ballinger,Jordan,Ballinger,1234 23rd Ave,Golden,CO,80215,206-111-1234,303-900-1234,555-1212,123-456-7890,Fabrikam,Manager,555-5555,Shipping,US,123-4567,R.,Technical decision maker,31/1663
Tammi@contoso.com,Tammi Kramer,Tammi,Kramer,1234 Main St.,Seattle,WA,98017,206-555-0100,206-555-0101,206-555-0102,206-555-1234,Contoso,HR Manager,206-555-0104,Executive,US,206-555-0105,P.,Business decision maker,31/1000
Abby@tailspintoys.com,Abby Mathis,Abby,Mathis,4321 27th Ave NW,Seattle,WA,98117,206-784-5690,206-930-2946,555-1212,206-123-4567,TailspinToys,HR Rep,555-5555,HR,US,123-4567,E.,Good employee,31/1661
Willie@fabrikam.com,Willie Fowlkes,Willie,Fowlkes,1234 23rd Ave,Golden,CO,80215,206-997-1234,303-123-4659,555-1212,987-654-3210,Fabrikam,Program Manager,555-5555,Program Management,US,123-4567,M.,Good PM,31/1662
